number,name,status
1,PEP Purpose and Guidelines,Active
5,Guidelines for Language Evolution,Active
6,Bug Fix Releases,Active
7,Style Guide for C Code,Active
10,Voting Guidelines,Active
4,Deprecation of Standard Modules,Active
3,Guidelines for Handling Bug Reports,Withdrawn
2,Procedure for Adding New Modules,Active
100,Python Unicode Integration,Final
42,Feature Requests,Withdrawn
13,Python Language Governance,Active
12,Sample reStructuredText PEP Template,Active
634,Structural Pattern Matching: Specification,Accepted
20,The Zen of Python,Active
692,Using TypedDict for more precise **kwargs typing,Accepted
707,A simplified signature for __exit__ and __aexit__,Rejected
529,Change Windows filesystem encoding to UTF8,Final
705,TypedDict: Readonly and other keys,Draft
706,Filter for tarfile.extractall,Final
101,Doing Python Releases 101,Active
9,Sample Plaintext PEP Template,Withdrawn
8103,2022 Term Steering Council election,Final
8102,2021 Term Steering Council election,Final
8016,The Steering Council Model,Accepted
3104,Access to Names in Outer Scopes,Final
8014,The Commons Governance Model,Rejected
8,Style Guide for Python Code,Active
8100,January 2019 Steering Council election,Final
8013,The External Council Governance Model,Rejected
8012,The Community Governance Model,Rejected
8101,2020 Term Steering Council election,Final
8011,Python Governance Model Lead by Trio of Pythonistas,Rejected
8001,Python Governance Voting Process,Final
8010,The Technical Leader Governance Model,Rejected
8104,2023 Term Steering Council election,Active
8000,Python Language Governance Proposal Overview,Final
3333,Python Web Server Gateway Interface v1.0.1,Final
8015,Organization of the Python community,Rejected
3156,Asynchronous IO Support Rebooted: the “asyncio” Module,Final
3155,Qualified name for classes and functions,Final
3152,Cofunctions,Rejected
3154,Pickle protocol version 4,Final
3149,ABI version tagged .so files,Final
3151,Reworking the OS and IO exception hierarchy,Final
3147,PYC Repository Directories,Final
3144,IP Address Manipulation Library for the Python Standard Library,Final
3150,Statement local namespaces (aka “given” clause),Deferred
3153,Asynchronous IO support,Superseded
8002,Open Source Governance Survey,Final
3142,Add a “while” clause to generator expressions,Rejected
3145,Asynchronous I/O For subprocess.Popen,Withdrawn
3146,Merging Unladen Swallow into CPython,Withdrawn
3141,A Type Hierarchy for Numbers,Final
3137,Immutable Bytes and Mutable Buffer,Final
3148,futures  execute computations asynchronously,Final
3140,"str(container) should call str(item), not repr(item)",Rejected
3143,Standard daemon process library,Deferred
3138,String representation in Python 3000,Final
3134,Exception Chaining and Embedded Tracebacks,Final
3136,Labeled break and continue,Rejected
3133,Introducing Roles,Rejected
3132,Extended Iterable Unpacking,Final
3139,Cleaning out sys and the “interpreter” module,Rejected
3135,New Super,Final
3130,Access to Current Module/Class/Function,Rejected
3131,Supporting NonASCII Identifiers,Final
3127,Integer Literal Support and Syntax,Final
3126,Remove Implicit String Concatenation,Rejected
3123,Making PyObject_HEAD conform to standard C,Final
3129,Class Decorators,Final
3122,Delineation of the main module,Rejected
3125,Remove Backslash Continuation,Rejected
3124,"Overloading, Generic Functions, Interfaces, and Adaptation",Deferred
3120,Using UTF8 as the default source encoding,Final
3119,Introducing Abstract Base Classes,Final
3117,Postfix type declarations,Rejected
3128,BList: A Faster Listlike Type,Rejected
3121,Extension Module Initialization and Finalization,Final
3113,Removal of Tuple Parameter Unpacking,Final
3114,Renaming iterator.next() to iterator.__next__(),Final
3115,Metaclasses in Python 3000,Final
3110,Catching Exceptions in Python 3000,Final
3111,Simple input builtin in Python 3000,Final
3116,New I/O,Final
3112,Bytes literals in Python 3000,Final
3105,Make print a function,Final
3118,Revising the buffer protocol,Final
3106,"Revamping dict.keys(), .values() and .items()",Final
3109,Raising Exceptions in Python 3000,Final
3102,KeywordOnly Arguments,Final
3108,Standard Library Reorganization,Final
3107,Function Annotations,Final
3103,A Switch/Case Statement,Rejected
3099,Things that will Not Change in Python 3000,Final
3003,Python Language Moratorium,Final
3002,Procedure for BackwardsIncompatible Changes,Final
3001,Procedure for reviewing and improving standard library modules,Withdrawn
801,Reserved,Active
3100,Miscellaneous Python 3.0 Plans,Final
754,IEEE 754 Floating Point Special Values,Rejected
732,The Python Documentation Editorial Board,Draft
3101,Advanced String Formatting,Final
3000,Python 3000,Final
730,Adding iOS as a supported platform,Draft
726,Module ,Draft
729,Typing governance process,Draft
725,Specifying external dependencies in pyproject.toml,Draft
731,C API Working Group Charter,Draft
724,Stricter Type Guards,Draft
719,Python 3.13 Release Schedule,Active
727,Documentation in Annotated Metadata,Draft
720,Crosscompiling Python packages,Draft
714,Rename distinfometadata in the Simple API,Accepted
715,Disabling bdist_egg distribution uploads on PyPI,Final
718,Subscriptable functions,Draft
723,Embedding pyproject.toml in singlefile scripts,Draft
722,Dependency specification for singlefile scripts,Rejected
721,Using tarfile.data_filter for source distribution extraction,Final
712,Adding a “converter” parameter to dataclasses.field,Draft
713,Callable Modules,Rejected
711,PyBI: a standard format for distributing Python Binaries,Draft
709,Inlined comprehensions,Accepted
704,Require virtual environments by default for package installers,Withdrawn
702,Marking deprecations using the type system,Draft
700,Additional Fields for the Simple API for Package Indexes,Accepted
710,Recording the provenance of installed packages,Draft
699,Remove private dict version field added in PEP 509,Accepted
696,Type defaults for TypeVarLikes,Draft
697,Limited C API for Extending Opaque Types,Final
703,Making the Global Interpreter Lock Optional in CPython,Draft
698,Override Decorator for Static Typing,Accepted
708,Extending the Repository API to Mitigate Dependency Confusion Attacks,Provisional
693,Python 3.12 Release Schedule,Active
701,Syntactic formalization of fstrings,Accepted
694,Upload 2.0 API for Python Package Repositories,Draft
689,Unstable C API tier,Final
695,Type Parameter Syntax,Accepted
690,Lazy Imports,Rejected
691,JSONbased Simple API for Python Package Indexes,Accepted
688,Making the buffer protocol accessible in Python,Accepted
686,Make UTF8 mode default,Accepted
685,Comparison of extra names for optional distribution dependencies,Accepted
682,Format Specifier for Signed Zero,Final
683,"Immortal Objects, Using a Fixed Refcount",Accepted
681,Data Class Transforms,Accepted
687,Isolating modules in the standard library,Accepted
684,A PerInterpreter GIL,Accepted
676,PEP Infrastructure Process,Active
680,tomllib: Support for Parsing TOML in the Standard Library,Final
677,Callable Type Syntax,Rejected
673,Self Type,Accepted
674,Disallow using macros as lvalues,Deferred
675,Arbitrary Literal String Type,Accepted
672,Unicoderelated Security Considerations for Python,Active
670,Convert macros to functions in the Python C API,Final
667,Consistent views of namespaces,Draft
666,Reject Foolish Indentation,Rejected
664,Python 3.11 Release Schedule,Active
669,Low Impact Monitoring for CPython,Accepted
668,Marking Python base environments as “externally managed”,Accepted
671,Syntax for latebound function argument defaults,Draft
665,A file format to list Python dependencies for reproducibility of an application,Rejected
678,Enriching Exceptions with Notes,Final
679,Allow parentheses in assert statements,Draft
663,"Standardizing Enum str(), repr(), and format() behaviors",Rejected
660,Editable installs for pyproject.toml based builds (wheel based),Final
662,Editable installs via virtual wheels,Rejected
658,Serve Distribution Metadata in the Simple Repository API,Accepted
661,Sentinel Values,Draft
659,Specializing Adaptive Interpreter,Draft
655,Marking individual TypedDict items as required or potentiallymissing,Accepted
657,Include Fine Grained Error Locations in Tracebacks,Final
652,Maintaining the Stable ABI,Final
656,Platform Tag for Linux Distributions Using Musl,Final
653,Precise Semantics for Pattern Matching,Draft
651,Robust Stack Overflow Handling,Rejected
645,Allow writing optional types as ,Withdrawn
650,Specifying Installer Requirements for Python Projects,Withdrawn
654,Exception Groups and except*,Final
643,Metadata for Package Source Distributions,Final
644,Require OpenSSL 1.1.1 or newer,Final
649,Deferred Evaluation Of Annotations Using Descriptors,Accepted
647,UserDefined Type Guards,Accepted
641,Using an underscore in the version portion of Python 3.10 compatibility tags,Rejected
648,Extensible customizations of the interpreter at startup,Rejected
638,Syntactic Macros,Draft
636,Structural Pattern Matching: Tutorial,Final
642,Explicit Pattern Syntax for Structural Pattern Matching,Rejected
640,Unused variable syntax,Rejected
637,Support for indexing with keyword arguments,Rejected
633,Dependency specification in pyproject.toml using an exploded TOML table,Rejected
646,Variadic Generics,Accepted
631,Dependency specification in pyproject.toml based on PEP 508,Superseded
628,Add ,Final
630,Isolating Extension Modules,Final
627,Recording installed projects,Final
639,Improving License Clarity with Better Package Metadata,Draft
626,Precise line numbers for debugging and other tools.,Final
632,Deprecate distutils module,Final
629,Versioning PyPI’s Simple API,Final
624,Remove Py_UNICODE encoder APIs,Final
625,Filename of a Source Distribution,Accepted
621,Storing project metadata in pyproject.toml,Final
620,Hide implementation details from the C API,Withdrawn
619,Python 3.10 Release Schedule,Active
623,Remove wstr from Unicode,Final
616,String methods to remove prefixes and suffixes,Final
618,Add Optional LengthChecking To zip,Final
617,New PEG parser for CPython,Accepted
614,Relaxing Grammar Restrictions On Decorators,Final
611,The one million limit,Withdrawn
615,Support for the IANA Time Zone Database in the Standard Library,Accepted
622,Structural Pattern Matching,Superseded
613,Explicit Type Aliases,Accepted
608,Coordinated Python release,Rejected
607,Reducing CPython’s Feature Delivery Latency,Final
610,Recording the Direct URL Origin of installed distributions,Final
609,Python Packaging Authority (PyPA) Governance,Active
606,Python Compatibility Version,Rejected
612,Parameter Specification Variables,Accepted
604,Allow writing union types as ,Accepted
603,Adding a frozenmap type to collections,Draft
600,Future ‘manylinux’ Platform Tags for Portable Linux Built Distributions,Final
599,The manylinux2014 Platform Tag,Superseded
602,Annual Release Cycle for Python,Accepted
598,Introducing incremental feature releases,Withdrawn
601,Forbid return/break/continue breaking out of finally,Rejected
596,Python 3.9 Release Schedule,Active
597,Add optional EncodingWarning,Final
593,Flexible function and variable annotations,Accepted
595,Improving bugs.python.org,Withdrawn
594,Removing dead batteries from the standard library,Final
592,Adding “Yank” Support to the Simple API,Final
591,Adding a final qualifier to typing,Accepted
589,TypedDict: Type Hints for Dictionaries with a Fixed Set of Keys,Accepted
635,Structural Pattern Matching: Motivation and Rationale,Final
585,Type Hinting Generics In Standard Collections,Final
588,GitHub Issues Migration Plan,Draft
590,Vectorcall: a fast calling protocol for CPython,Accepted
587,Python Initialization Configuration,Final
584,Add Union Operators To dict,Final
581,Using GitHub Issues for CPython,Accepted
582,Python local packages directory,Rejected
586,Literal Types,Accepted
605,A rolling feature release stream for CPython,Rejected
579,Refactoring C functions and methods,Final
578,Python Runtime Audit Hooks,Accepted
583,A Concurrency Memory Model for Python,Withdrawn
576,Rationalize Builtin function classes,Withdrawn
573,Module State Access from C Extension Methods,Final
580,The C call protocol,Rejected
577,Augmented Assignment Expressions,Withdrawn
569,Python 3.8 Release Schedule,Active
575,Unifying function/method classes,Withdrawn
572,Assignment Expressions,Final
574,Pickle protocol 5 with outofband data,Final
568,Generatorsensitivity for Context Variables,Deferred
566,Metadata for Python Software Packages 2.1,Final
571,The manylinux2010 Platform Tag,Superseded
570,Python PositionalOnly Parameters,Final
565,Show DeprecationWarning in __main__,Final
567,Context Variables,Final
564,Add new time functions with nanosecond resolution,Final
556,Threaded garbage collection,Deferred
561,Distributing and Packaging Type Information,Final
560,Core support for typing module and generic types,Accepted
557,Data Classes,Final
555,Contextlocal variables (contextvars),Withdrawn
558,Defined semantics for locals(),Deferred
562,Module __getattr__ and __dir__,Final
559,Builtin noop(),Rejected
554,Multiple Interpreters in the Stdlib,Draft
551,Security transparency in the Python runtime,Withdrawn
546,Backport ssl.MemoryBIO and ssl.SSLObject to Python 2.7,Rejected
548,More Flexible Loop Control,Rejected
547,Running extension modules using the m option,Deferred
550,Execution Context,Withdrawn
553,Builtin breakpoint(),Final
552,Deterministic pycs,Final
549,Instance Descriptors,Rejected
563,Postponed Evaluation of Annotations,Accepted
542,Dot Notation Assignment In Function Header,Rejected
540,Add a new UTF8 Mode,Final
544,Protocols: Structural subtyping (static duck typing),Accepted
543,A Unified TLS API for Python,Withdrawn
541,Package Index Name Retention,Final
537,Python 3.7 Release Schedule,Final
536,Final Grammar for Literal String Interpolation,Deferred
534,Improved Errors for Missing Standard Library Modules,Deferred
545,Python Documentation Translations,Final
532,A circuit breaking protocol and binary operators,Deferred
533,Deterministic cleanup for iterators,Deferred
530,Asynchronous Comprehensions,Final
535,Rich comparison chaining,Deferred
539,A New CAPI for ThreadLocal Storage in CPython,Final
538,Coercing the legacy C locale to a UTF8 based locale,Final
527,Removing Un(der)used file types/extensions on PyPI,Final
528,Change Windows console encoding to UTF8,Final
531,Existence checking operators,Withdrawn
525,Asynchronous Generators,Final
524,Make os.urandom() blocking on Linux,Final
521,Managing global context via ‘with’ blocks in generators and coroutines,Withdrawn
519,Adding a file system path protocol,Final
520,Preserving Class Attribute Definition Order,Final
523,Adding a frame evaluation API to CPython,Final
522,Allow BlockingIOError in security sensitive APIs,Rejected
518,Specifying Minimum Build System Requirements for Python Projects,Final
515,Underscores in Numeric Literals,Final
517,A buildsystem independent format for source trees,Final
516,Build system abstraction for pip/conda etc,Rejected
526,Syntax for Variable Annotations,Final
511,API for code transformers,Rejected
510,Specialize functions with guards,Rejected
508,Dependency specification for Python Software Packages,Final
514,Python registration in the Windows registry,Active
512,Migrating from hg.python.org to GitHub,Final
513,A Platform Tag for Portable Linux Built Distributions,Superseded
509,Add a private version to dict,Superseded
507,Migrate CPython to Git and GitLab,Rejected
506,Adding A Secrets Module To The Standard Library,Final
503,Simple Repository API,Final
504,Using the System RNG by default,Withdrawn
505,Noneaware operators,Deferred
500,A protocol for delegating datetime methods to their tzinfo implementations,Rejected
496,Environment Markers,Rejected
498,Literal String Interpolation,Final
499, ,Deferred
494,Python 3.6 Release Schedule,Final
502,String Interpolation  Extended Discussion,Rejected
493,HTTPS verification migration tools for Python 2.7,Final
497,A standard mechanism for backward compatibility,Rejected
492,Coroutines with async and await syntax,Final
490,Chain exceptions at C level,Rejected
501,General purpose string interpolation,Deferred
491,The Wheel Binary Package Format 1.9,Deferred
495,Local Time Disambiguation,Final
488,Elimination of PYO files,Final
487,Simpler customisation of class creation,Final
482,Literature Overview for Type Hints,Final
486,Make the Python Launcher aware of virtual environments,Final
483,The Theory of Type Hints,Final
485,A Function for testing approximate equality,Final
481,"Migrate CPython to Git, Github, and Phabricator",Withdrawn
478,Python 3.5 Release Schedule,Final
480,Surviving a Compromise of PyPI: Endtoend signing of packages,Draft
479,Change StopIteration handling inside generators,Final
475,Retry system calls failing with EINTR,Final
474,Creating forge.python.org,Withdrawn
473,Adding structured data to builtin exceptions,Rejected
484,Type Hints,Final
476,Enabling certificate verification by default for stdlib http clients,Final
472,Support for indexing with keyword arguments,Rejected
469,Migration of dict iteration code to Python 3,Withdrawn
467,Minor API improvements for binary sequences,Draft
477,Backport ensurepip (PEP 453) to Python 2.7,Final
468,Preserving the order of **kwargs in a function.,Final
470,Removing External Hosting Support on PyPI,Final
466,Network Security Enhancements for Python 2.7.x,Final
461,Adding % formatting to bytes and bytearray,Final
464,Removal of the PyPI Mirror Authenticity API,Final
489,Multiphase extension module initialization,Final
460,Add binary interpolation and formatting,Withdrawn
471,os.scandir() function – a better and faster directory iterator,Final
463,Exceptioncatching expressions,Rejected
459,Standard Metadata Extensions for Python Software Packages,Withdrawn
462,Core development workflow automation for CPython,Withdrawn
465,A dedicated infix operator for matrix multiplication,Final
455,Adding a keytransforming dictionary to collections,Rejected
456,Secure and interchangeable hash algorithm,Final
454,Add a new tracemalloc module to trace Python memory allocations,Final
452,API for Cryptographic Hash Functions v2.0,Final
453,Explicit bootstrapping of pip in Python installations,Final
449,Removal of the PyPI Mirror Auto Discovery and Naming Scheme,Final
458,Secure PyPI downloads with signed repository metadata,Accepted
450,Adding A Statistics Module To The Standard Library,Final
457,Notation For PositionalOnly Parameters,Final
447,Add __getdescriptor__ method to metaclass,Deferred
446,Make newly created file descriptors noninheritable,Final
445,Add new APIs to customize Python memory allocators,Final
451,A ModuleSpec Type for the Import System,Final
441,Improving Python ZIP Application Support,Final
439,Inclusion of implicit pip bootstrap in Python installation,Rejected
448,Additional Unpacking Generalizations,Final
444,Python Web3 Interface,Deferred
443,Singledispatch generic functions,Final
437,"A DSL for specifying signatures, annotations and argument converters",Rejected
442,Safe object finalization,Final
434,IDLE Enhancement Exception for All Branches,Active
440,Version Identification and Dependency Specification,Final
438,Transitioning to releasefile hosting on PyPI,Superseded
429,Python 3.4 Release Schedule,Final
433,Easier suppression of file descriptor inheritance,Superseded
431,Time zone support improvements,Superseded
430,Migrating to Python 3 as the default online documentation,Final
435,Adding an Enum type to the Python standard library,Final
436,The Argument Clinic DSL,Final
432,Restructuring the CPython startup sequence,Withdrawn
427,The Wheel Binary Package Format 1.0,Final
424,A method for exposing a length hint,Final
428,The pathlib module – objectoriented filesystem paths,Final
422,Simpler customisation of class creation,Withdrawn
425,Compatibility Tags for Built Distributions,Final
421,Adding sys.implementation,Final
419,Protecting cleanup statements from interruptions,Deferred
420,Implicit Namespace Packages,Final
417,Including mock in the Standard Library,Final
426,Metadata for Python Software Packages 2.0,Withdrawn
415,Implement context suppression with exception attributes,Final
416,Add a frozendict builtin type,Rejected
412,KeySharing Dictionary,Final
414,Explicit Unicode Literal for Python 3.3,Final
413,Faster evolution of the Python Standard Library,Withdrawn
409,Suppressing exception context,Final
411,Provisional packages in the Python standard library,Superseded
410,Use decimal.Decimal type for timestamps,Rejected
407,New release cycle and introducing longterm support versions,Deferred
423,Naming conventions and recipes related to packaging,Deferred
404,Python 2.8 Unrelease Schedule,Final
403,General purpose decorator clause (aka “@in” clause),Deferred
406,Improved Encapsulation of Import State,Withdrawn
418,"Add monotonic time, performance counter, and process time functions",Final
408,Standard library __preview__ package,Rejected
398,Python 3.3 Release Schedule,Final
399,Pure Python/C Accelerator Module Compatibility Requirements,Final
400,Deprecate codecs.StreamReader and codecs.StreamWriter,Deferred
405,Python Virtual Environments,Final
402,Simplified Package Layout and Partitioning,Rejected
394,The “python” Command on UnixLike Systems,Active
395,Qualified Names for Modules,Withdrawn
396,Module Version Numbers,Rejected
393,Flexible String Representation,Final
391,DictionaryBased Configuration For Logging,Final
390,Static metadata for Distutils,Rejected
397,Python launcher for Windows,Final
392,Python 3.2 Release Schedule,Final
401,BDFL Retirement,April Fool!
384,Defining a Stable ABI,Final
385,Migrating from Subversion to Mercurial,Final
383,Nondecodable Bytes in System Character Interfaces,Final
387,Backwards Compatibility Policy,Active
389,argparse  New Command Line Parsing Module,Final
379,Adding an Assignment Expression,Withdrawn
381,Mirroring infrastructure for PyPI,Withdrawn
375,Python 3.1 Release Schedule,Final
380,Syntax for Delegating to a Subgenerator,Final
376,Database of Installed Python Distributions,Final
382,Namespace Packages,Rejected
378,Format Specifier for Thousands Separator,Final
373,Python 2.7 Release Schedule,Final
372,Adding an ordered dictionary to collections,Final
371,Addition of the multiprocessing package to the standard library,Final
370,Per user sitepackages directory,Final
368,Standard image protocol and class,Deferred
386,Changing the version comparison module in Distutils,Superseded
369,Post import hooks,Withdrawn
367,New Super,Superseded
366,Main module explicit relative imports,Final
374,Choosing a distributed VCS for the Python project,Final
377,Allow __enter__() methods to skip the statement body,Rejected
364,Transitioning to the Py3K Standard Library,Withdrawn
360,Externally Maintained Packages,Final
363,Syntax For Dynamic Attribute Access,Rejected
361,Python 2.6 and 3.0 Release Schedule,Final
362,Function Signature Object,Final
358,The “bytes” Object,Final
357,Allowing Any Object to be Used for Slicing,Final
359,The “make” Statement,Withdrawn
356,Python 2.5 Release Schedule,Final
354,Enumerations in Python,Superseded
365,Adding the pkg_resources module,Rejected
355,Path  Object oriented filesystem paths,Rejected
352,Required Superclass for Exceptions,Final
353,Using ssize_t as the index type,Final
348,Exception Reorganization for Python 3.0,Rejected
343,The “with” Statement,Final
344,Exception Chaining and Embedded Tracebacks,Superseded
345,Metadata for Python Software Packages 1.2,Superseded
351,The freeze protocol,Rejected
342,Coroutines via Enhanced Generators,Final
341,Unifying tryexcept and tryfinally,Final
347,Migrating the Python CVS to Subversion,Final
349,Allow str() to return unicode strings,Rejected
338,Executing modules as scripts,Final
346,User Defined (”,Withdrawn
337,Logging Usage in the Standard Library,Deferred
336,Make None Callable,Rejected
340,Anonymous Block Statements,Rejected
350,Codetags,Rejected
332,Byte vectors and String/Unicode Unification,Rejected
334,Simple Coroutines via SuspendIteration,Withdrawn
335,Overloadable Boolean Operators,Rejected
331,LocaleIndependent Float/String Conversions,Final
330,Python Bytecode Verification,Rejected
328,Imports: MultiLine and Absolute/Relative,Final
326,A Case for Top and Bottom Values,Rejected
325,ResourceRelease Support for Generators,Rejected
323,Copyable Iterators,Deferred
322,Reverse Iteration,Final
339,Design of the CPython Compiler,Withdrawn
321,Date/Time Parsing and Formatting,Withdrawn
333,Python Web Server Gateway Interface v1.0,Final
320,Python 2.4 Release Schedule,Final
319,Python Synchronize/Asynchronize Block,Rejected
329,Treating Builtins as Constants in the Standard Library,Rejected
315,Enhanced While Loop,Rejected
316,Programming by Contract for Python,Deferred
324,subprocess  New process module,Final
317,Eliminate Implicit Exception Instantiation,Rejected
314,Metadata for Python Software Packages 1.1,Superseded
327,Decimal Data Type,Final
312,Simple Implicit Lambda,Deferred
318,Decorators for Functions and Methods,Final
306,How to Change Python’s Grammar,Withdrawn
308,Conditional Expressions,Final
311,Simplified Global Interpreter Lock Acquisition for Extensions,Final
313,Adding Roman Numeral Literals to Python,Rejected
304,Controlling Generation of Bytecode Files,Withdrawn
309,Partial Function Application,Final
307,Extensions to the pickle protocol,Final
305,CSV File API,Final
299,Special __main__() function in modules,Rejected
303,Extend divmod() for Multiple Divisors,Rejected
310,Reliable Acquisition/Release Pairs,Rejected
302,New Import Hooks,Final
295,Interpretation of multiline string constants,Rejected
298,The Locked Buffer Interface,Withdrawn
294,Type Names in the types Module,Rejected
297,Support for System Upgrades,Rejected
291,Backward Compatibility for the Python 2 Standard Library,Final
292,Simpler String Substitutions,Final
296,Adding a bytes Object Type,Withdrawn
289,Generator Expressions,Final
290,Code Migration and Modernization,Active
288,Generators Attributes and Exceptions,Withdrawn
293,Codec Error Handling Callbacks,Final
286,Enhanced Argument Tuples,Deferred
301,Package Index and Metadata for Distutils,Final
284,Integer forloops,Rejected
287,reStructuredText Docstring Format,Active
285,Adding a bool type,Final
283,Python 2.3 Release Schedule,Final
282,A Logging System,Final
278,Universal Newline Support,Final
281,Loop Counter Iteration with range and xrange,Rejected
280,Optimizing access to globals,Deferred
274,Dict Comprehensions,Final
275,Switching on Multiple Values,Rejected
279,The enumerate() builtin function,Final
273,Import Modules from Zip Archives,Final
271,Prefixing sys.path by command line option,Rejected
270,uniq method for list objects,Rejected
276,Simple Iterator for ints,Rejected
272,API for Block Encryption Algorithms v1.0,Final
277,Unicode file name support for Windows NT,Final
267,Optimized Access to Module Namespaces,Deferred
268,Extended HTTP functionality and WebDAV,Rejected
265,Sorting Dictionaries by Value,Rejected
266,Optimizing Global Variable/Attribute Access,Withdrawn
259,Omit printing newline after newline,Rejected
263,Defining Python Source Code Encodings,Final
262,A Database of Installed Python Packages,Rejected
264,Future statements in simulated shells,Final
269,Pgen Module for Python,Deferred
258,Docutils Design Specification,Rejected
261,Support for “wide” Unicode characters,Final
257,Docstring Conventions,Active
254,Making Classes Look More Like Types,Rejected
256,Docstring Processing System Framework,Rejected
252,Making Types Look More Like Classes,Final
251,Python 2.2 Release Schedule,Final
250,Using sitepackages on Windows,Final
248,Python Database API Specification v1.0,Final
255,Simple Generators,Final
260,Simplify xrange(),Final
253,Subtyping Builtin Types,Final
247,API for Cryptographic Hash Functions,Final
249,Python Database API Specification v2.0,Final
244,The ,Rejected
245,Python Interface Syntax,Rejected
246,Object Adaptation,Rejected
240,Adding a Rational Literal to Python,Rejected
241,Metadata for Python Software Packages,Superseded
243,Module Repository Upload Mechanism,Withdrawn
239,Adding a Rational Type to Python,Rejected
236,Back to the __future__,Final
235,Import on CaseInsensitive Platforms,Final
237,Unifying Long Integers and Integers,Final
238,Changing the Division Operator,Final
242,Numeric Kinds,Rejected
234,Iterators,Final
231,__findattr__(),Rejected
228,Reworking Python’s Numeric Model,Withdrawn
232,Function Attributes,Final
229,Using Distutils to Build Python,Final
224,Attribute Docstrings,Rejected
230,Warning Framework,Final
225,Elementwise/Objectwise Operators,Rejected
233,Python Online Help,Deferred
223,Change the Meaning of ,Final
222,Web Library Enhancements,Deferred
221,Import As,Final
219,Stackless Python,Deferred
226,Python 2.1 Release Schedule,Final
217,Display Hook for Interactive Use,Final
216,Docstring Format,Rejected
215,String Interpolation,Superseded
220,"Coroutines, Generators, Continuations",Rejected
212,Loop Counter Iteration,Rejected
214,Extended Print Statement,Final
213,Attribute Access Handlers,Deferred
210,Decoupling the Interpreter Loop,Rejected
211,Adding A New Outer Product Operator,Rejected
206,Python Advanced Library,Withdrawn
207,Rich Comparisons,Final
204,Range Literals,Rejected
205,Weak References,Final
227,Statically Nested Scopes,Final
208,Reworking the Coercion Model,Final
202,List Comprehensions,Final
203,Augmented Assignments,Final
209,Multidimensional Arrays,Withdrawn
218,Adding a BuiltIn Set Object Type,Final
102,Doing Python Micro Releases,Superseded
160,Python 1.6 Release Schedule,Final
11,CPython platform support,Active
201,Lockstep Iteration,Final
200,Python 2.0 Release Schedule,Final
103,Collecting information about git,Withdrawn
